Project,Date,accessors,blocker_violations,conditions_to_cover,new_it_conditions_to_cover,new_conditions_to_cover,burned_budget,business_value,classes,class_complexity_distribution,comment_lines,commented_out_code_lines,comment_lines_density,comment_lines_data,complexity,class_complexity,file_complexity,function_complexity,complexity_in_classes,complexity_in_functions,branch_coverage,new_it_branch_coverage,new_branch_coverage,conditions_by_line,confirmed_issues,coverage,new_it_coverage,coverage_line_hits_data,new_coverage,covered_conditions_by_line,critical_violations,last_commit_date,directories,duplicated_blocks,duplicated_files,duplicated_lines,duplicated_lines_density,duplications_data,false_positive_issues,files,file_complexity_distribution,functions,function_complexity_distribution,generated_lines,generated_ncloc,info_violations,violations,it_conditions_to_cover,it_branch_coverage,it_conditions_by_line,it_coverage,it_coverage_line_hits_data,it_covered_conditions_by_line,it_line_coverage,it_lines_to_cover,it_uncovered_conditions,it_uncovered_lines,line_coverage,new_it_line_coverage,new_line_coverage,lines,ncloc,ncloc_language_distribution,lines_to_cover,new_it_lines_to_cover,new_lines_to_cover,major_violations,minor_violations,ncloc_data,new_blocker_violations,new_critical_violations,new_info_violations,new_violations,new_major_violations,new_minor_violations,open_issues,overall_conditions_to_cover,new_overall_conditions_to_cover,overall_branch_coverage,new_overall_branch_coverage,overall_conditions_by_line,overall_coverage,overall_coverage_line_hits_data,new_overall_coverage,overall_covered_conditions_by_line,overall_line_coverage,new_overall_line_coverage,overall_lines_to_cover,new_overall_lines_to_cover,overall_uncovered_conditions,new_overall_uncovered_conditions,overall_uncovered_lines,new_overall_uncovered_lines,projects,public_api,public_documented_api_density,public_undocumented_api,quality_gate_details,alert_status,reopened_issues,skipped_tests,development_cost,sqale_rating,statements,new_technical_debt,sqale_debt_ratio,new_sqale_debt_ratio,uncovered_conditions,new_it_uncovered_conditions,new_uncovered_conditions,uncovered_lines,new_it_uncovered_lines,new_uncovered_lines,test_errors,test_failures,test_success_density,tests,test_data,test_execution_time,code_smells:complex_class,code_smells:blob_class,code_smells:class_data_private,code_smells:functional_decomposition,code_smells:spaghetti_code,code_smells:antisingleton,code_smells:baseclass_knows_derived,code_smells:baseclass_abstract,code_smells:large_class,code_smells:lazy_class,code_smells:long_method,code_smells:long_parameter_list,code_smells:many_field_attributes_not_complex,code_smells:message_chains,code_smells:refused_parent_bequest,code_smells:speculative_generality,code_smells:swiss_army_knife,code_smells:tradition_breaker,Jira
COCOON,2003-03-13T00:00:00+0100,324,17,null,null,null,null,null,1269,null,32393,null,24.1,null,23939,18.9,21.9,3.0,null,null,null,null,null,null,0,null,null,null,null,null,452,null,236,376,176,11566,5.0,null,0,1094,0=393;5=169;10=192;20=75;30=160;60=69;90=36,7994,1=4048;2=1625;4=655;6=374;8=228;10=132;12=364,null,null,127,10478,null,null,null,null,null,null,null,null,null,null,null,null,null,230152,101826,java=101826,null,null,null,5448,4434,null,null,null,null,null,null,null,10478,null,null,null,null,null,null,null,null,null,null,null,null,null,null,null,null,null,null,7845,61.9,2988,{"level":"ERROR";"conditions":[{"metric":"blocker_violations";"op":"GT";"error":"0";"actual":"17";"level":"ERROR"};{"metric":"critical_violations";"op":"GT";"period":1;"error":"0";"actual":"";"level":"OK"};{"metric":"open_issues";"op":"GT";"warning":"0";"actual":"10478";"level":"WARN"};{"metric":"reopened_issues";"op":"GT";"warning":"0";"actual":"0";"level":"OK"}]},ERROR,0,null,3054780,A,46949,null,3.7,null,null,null,null,null,null,null,null,null,null,null,null,null,156,0,13,0,1,24,0,2,0,40,197,28,1,0,0,0,0,0,501
COCOON,2003-03-14T00:00:00+0100,324,17,null,null,null,null,null,1269,null,32393,null,24.1,null,23941,18.9,21.9,3.0,null,null,null,null,null,null,0,null,null,null,null,null,452,null,236,376,176,11566,5.0,null,0,1094,0=393;5=169;10=192;20=75;30=160;60=69;90=36,7994,1=4048;2=1625;4=654;6=375;8=228;10=132;12=364,null,null,127,10478,null,null,null,null,null,null,null,null,null,null,null,null,null,230157,101829,java=101829,null,null,null,5448,4434,null,null,null,null,null,null,null,10478,null,null,null,null,null,null,null,null,null,null,null,null,null,null,null,null,null,null,7845,61.9,2988,{"level":"ERROR";"conditions":[{"metric":"blocker_violations";"op":"GT";"error":"0";"actual":"17";"level":"ERROR"};{"metric":"critical_violations";"op":"GT";"period":1;"error":"0";"actual":"0";"level":"OK"};{"metric":"open_issues";"op":"GT";"warning":"0";"actual":"10478";"level":"WARN"};{"metric":"reopened_issues";"op":"GT";"warning":"0";"actual":"0";"level":"OK"}]},ERROR,0,null,3054870,A,46951,null,3.7,null,null,null,null,null,null,null,null,null,null,null,null,null,0,0,0,0,0,0,0,0,0,0,0,0,0,0,0,0,0,0,504
COCOON,2003-03-15T00:00:00+0100,324,17,null,null,null,null,null,1269,null,32389,null,24.1,null,23943,18.9,21.9,3.0,null,null,null,null,null,null,0,null,null,null,null,null,452,null,236,376,176,11570,5.0,null,0,1094,0=392;5=170;10=192;20=75;30=160;60=69;90=36,7994,1=4048;2=1624;4=655;6=375;8=228;10=132;12=364,null,null,127,10475,null,null,null,null,null,null,null,null,null,null,null,null,null,230156,101832,java=101832,null,null,null,5445,4434,null,null,null,null,null,null,null,10475,null,null,null,null,null,null,null,null,null,null,null,null,null,null,null,null,null,null,7845,61.9,2988,{"level":"ERROR";"conditions":[{"metric":"blocker_violations";"op":"GT";"error":"0";"actual":"17";"level":"ERROR"};{"metric":"critical_violations";"op":"GT";"period":1;"error":"0";"actual":"0";"level":"OK"};{"metric":"open_issues";"op":"GT";"warning":"0";"actual":"10475";"level":"WARN"};{"metric":"reopened_issues";"op":"GT";"warning":"0";"actual":"0";"level":"OK"}]},ERROR,0,null,3054960,A,46953,null,3.7,null,null,null,null,null,null,null,null,null,null,null,null,null,0,0,0,0,0,0,0,0,0,0,0,0,0,0,0,0,0,0,505
COCOON,2003-03-16T00:00:00+0100,324,17,null,null,null,null,null,1266,null,32329,null,24.1,null,23912,18.9,21.9,3.0,null,null,null,null,null,null,0,null,null,null,null,null,445,null,235,371,175,11514,5.0,null,0,1091,0=390;5=170;10=192;20=74;30=158;60=71;90=36,7984,1=4040;2=1619;4=658;6=378;8=226;10=132;12=363,null,null,124,10449,null,null,null,null,null,null,null,null,null,null,null,null,null,229739,101712,java=101712,null,null,null,5430,4433,null,null,null,null,null,null,null,10449,null,null,null,null,null,null,null,null,null,null,null,null,null,null,null,null,null,null,7828,62.0,2976,{"level":"ERROR";"conditions":[{"metric":"blocker_violations";"op":"GT";"error":"0";"actual":"17";"level":"ERROR"};{"metric":"critical_violations";"op":"GT";"period":1;"error":"0";"actual":"-7";"level":"OK"};{"metric":"open_issues";"op":"GT";"warning":"0";"actual":"10449";"level":"WARN"};{"metric":"reopened_issues";"op":"GT";"warning":"0";"actual":"0";"level":"OK"}]},ERROR,0,null,3051360,A,46874,null,3.7,null,null,null,null,null,null,null,null,null,null,null,null,null,0,0,0,0,0,0,0,0,0,0,0,0,0,0,0,0,0,0,506
COCOON,2003-03-17T00:00:00+0100,325,17,null,null,null,null,null,1267,null,32482,null,24.2,null,23908,18.9,21.9,3.0,null,null,null,null,null,null,0,null,null,null,null,null,445,null,235,371,175,11518,5.0,null,0,1091,0=390;5=170;10=192;20=74;30=158;60=71;90=36,7983,1=4040;2=1617;4=659;6=379;8=224;10=132;12=364,null,null,122,10453,null,null,null,null,null,null,null,null,null,null,null,null,null,229884,101739,java=101739,null,null,null,5428,4441,null,null,null,null,null,null,null,10453,null,null,null,null,null,null,null,null,null,null,null,null,null,null,null,null,null,null,7826,62.6,2928,{"level":"ERROR";"conditions":[{"metric":"blocker_violations";"op":"GT";"error":"0";"actual":"17";"level":"ERROR"};{"metric":"critical_violations";"op":"GT";"period":1;"error":"0";"actual":"-7";"level":"OK"};{"metric":"open_issues";"op":"GT";"warning":"0";"actual":"10453";"level":"WARN"};{"metric":"reopened_issues";"op":"GT";"warning":"0";"actual":"0";"level":"OK"}]},ERROR,0,null,3052170,A,46888,null,3.7,null,null,null,null,null,null,null,null,null,null,null,null,null,0,0,0,0,0,0,0,0,0,0,0,0,0,0,0,0,0,0,506
COCOON,2003-03-18T00:00:00+0100,325,17,null,null,null,null,null,1268,null,32510,null,24.2,null,23937,18.9,21.9,3.0,null,null,null,null,null,null,0,null,null,null,null,null,447,null,235,377,178,11675,5.1,null,0,1092,0=390;5=170;10=193;20=74;30=158;60=71;90=36,7987,1=4041;2=1617;4=658;6=380;8=226;10=133;12=364,null,null,121,10466,null,null,null,null,null,null,null,null,null,null,null,null,null,230066,101828,java=101828,null,null,null,5438,4443,null,null,null,null,null,null,null,10466,null,null,null,null,null,null,null,null,null,null,null,null,null,null,null,null,null,null,7830,62.6,2928,{"level":"ERROR";"conditions":[{"metric":"blocker_violations";"op":"GT";"error":"0";"actual":"17";"level":"ERROR"};{"metric":"critical_violations";"op":"GT";"period":1;"error":"0";"actual":"-5";"level":"OK"};{"metric":"open_issues";"op":"GT";"warning":"0";"actual":"10466";"level":"WARN"};{"metric":"reopened_issues";"op":"GT";"warning":"0";"actual":"0";"level":"OK"}]},ERROR,0,null,3054840,A,46955,null,3.7,null,null,null,null,null,null,null,null,null,null,null,null,null,1,0,0,0,0,0,0,0,0,0,1,0,0,0,0,0,0,0,507
COCOON,2003-03-19T00:00:00+0100,327,17,null,null,null,null,null,1270,null,32577,null,24.2,null,24017,18.9,22.0,3.0,null,null,null,null,null,null,0,null,null,null,null,null,445,null,235,377,179,11656,5.1,null,0,1094,0=390;5=170;10=195;20=74;30=157;60=72;90=36,8004,1=4049;2=1619;4=660;6=383;8=225;10=133;12=367,null,null,121,10482,null,null,null,null,null,null,null,null,null,null,null,null,null,230742,102176,java=102176,null,null,null,5446,4453,null,null,null,null,null,null,null,10482,null,null,null,null,null,null,null,null,null,null,null,null,null,null,null,null,null,null,7840,62.6,2934,{"level":"ERROR";"conditions":[{"metric":"blocker_violations";"op":"GT";"error":"0";"actual":"17";"level":"ERROR"};{"metric":"critical_violations";"op":"GT";"period":1;"error":"0";"actual":"-7";"level":"OK"};{"metric":"open_issues";"op":"GT";"warning":"0";"actual":"10482";"level":"WARN"};{"metric":"reopened_issues";"op":"GT";"warning":"0";"actual":"0";"level":"OK"}]},ERROR,0,null,3065280,A,47123,null,3.7,null,null,null,null,null,null,null,null,null,null,null,null,null,1,0,0,0,0,0,0,0,0,0,0,1,0,0,0,0,0,0,507
COCOON,2003-03-20T00:00:00+0100,328,17,null,null,null,null,null,1274,null,32695,null,24.2,null,24057,18.9,21.9,3.0,null,null,null,null,null,null,0,null,null,null,null,null,445,null,235,377,179,11642,5.0,null,0,1097,0=392;5=170;10=195;20=74;30=158;60=72;90=36,8041,1=4083;2=1618;4=661;6=383;8=225;10=133;12=367,null,null,122,10495,null,null,null,null,null,null,null,null,null,null,null,null,null,231280,102331,java=102331,null,null,null,5451,4460,null,null,null,null,null,null,null,10495,null,null,null,null,null,null,null,null,null,null,null,null,null,null,null,null,null,null,7880,62.3,2968,{"level":"ERROR";"conditions":[{"metric":"blocker_violations";"op":"GT";"error":"0";"actual":"17";"level":"ERROR"};{"metric":"critical_violations";"op":"GT";"period":1;"error":"0";"actual":"-7";"level":"OK"};{"metric":"open_issues";"op":"GT";"warning":"0";"actual":"10495";"level":"WARN"};{"metric":"reopened_issues";"op":"GT";"warning":"0";"actual":"0";"level":"OK"}]},ERROR,0,null,3069930,A,47168,null,3.7,null,null,null,null,null,null,null,null,null,null,null,null,null,1,0,0,0,0,0,0,0,0,0,0,0,0,0,0,0,0,0,511
COCOON,2003-03-21T00:00:00+0100,327,17,null,null,null,null,null,1277,null,32787,null,24.2,null,24155,18.9,22.0,3.0,null,null,null,null,null,null,0,null,null,null,null,null,445,null,233,394,179,12171,5.2,null,0,1100,0=393;5=171;10=193;20=76;30=159;60=71;90=37,8013,1=4028;2=1623;4=666;6=390;8=225;10=137;12=368,null,null,122,10458,null,null,null,null,null,null,null,null,null,null,null,null,null,232232,102852,java=102852,null,null,null,5381,4493,null,null,null,null,null,null,null,10458,null,null,null,null,null,null,null,null,null,null,null,null,null,null,null,null,null,null,7844,62.9,2907,{"level":"ERROR";"conditions":[{"metric":"blocker_violations";"op":"GT";"error":"0";"actual":"17";"level":"ERROR"};{"metric":"critical_violations";"op":"GT";"period":1;"error":"0";"actual":"-7";"level":"OK"};{"metric":"open_issues";"op":"GT";"warning":"0";"actual":"10458";"level":"WARN"};{"metric":"reopened_issues";"op":"GT";"warning":"0";"actual":"0";"level":"OK"}]},ERROR,0,null,3085560,A,47477,null,3.7,null,null,null,null,null,null,null,null,null,null,null,null,null,2,0,0,0,0,0,0,0,0,0,3,0,0,0,0,0,0,0,512
COCOON,2003-03-22T00:00:00+0100,327,17,null,null,null,null,null,1277,null,32801,null,24.2,null,24183,18.9,22.0,3.0,null,null,null,null,null,null,0,null,null,null,null,null,446,null,233,394,179,12133,5.2,null,0,1100,0=393;5=171;10=193;20=76;30=159;60=71;90=37,8018,1=4027;2=1623;4=666;6=392;8=227;10=137;12=368,null,null,122,10462,null,null,null,null,null,null,null,null,null,null,null,null,null,232360,102950,java=102950,null,null,null,5386,4491,null,null,null,null,null,null,null,10462,null,null,null,null,null,null,null,null,null,null,null,null,null,null,null,null,null,null,7848,63.0,2907,{"level":"ERROR";"conditions":[{"metric":"blocker_violations";"op":"GT";"error":"0";"actual":"17";"level":"ERROR"};{"metric":"critical_violations";"op":"GT";"period":1;"error":"0";"actual":"-6";"level":"OK"};{"metric":"open_issues";"op":"GT";"warning":"0";"actual":"10462";"level":"WARN"};{"metric":"reopened_issues";"op":"GT";"warning":"0";"actual":"0";"level":"OK"}]},ERROR,0,null,3088500,A,47532,null,3.7,null,null,null,null,null,null,null,null,null,null,null,null,null,0,0,0,0,0,0,0,0,0,0,0,0,0,0,0,0,0,0,512
COCOON,2003-03-23T00:00:00+0100,327,17,null,null,null,null,null,1277,null,32801,null,24.2,null,24183,18.9,22.0,3.0,null,null,null,null,null,null,0,null,null,null,null,null,446,null,233,394,179,12133,5.2,null,0,1100,0=393;5=171;10=193;20=76;30=159;60=71;90=37,8018,1=4027;2=1623;4=666;6=392;8=227;10=137;12=368,null,null,122,10462,null,null,null,null,null,null,null,null,null,null,null,null,null,232360,102950,java=102950,null,null,null,5386,4491,null,null,null,null,null,null,null,10462,null,null,null,null,null,null,null,null,null,null,null,null,null,null,null,null,null,null,7848,63.0,2907,{"level":"ERROR";"conditions":[{"metric":"blocker_violations";"op":"GT";"error":"0";"actual":"17";"level":"ERROR"};{"metric":"critical_violations";"op":"GT";"period":1;"error":"0";"actual":"-6";"level":"OK"};{"metric":"open_issues";"op":"GT";"warning":"0";"actual":"10462";"level":"WARN"};{"metric":"reopened_issues";"op":"GT";"warning":"0";"actual":"0";"level":"OK"}]},ERROR,0,null,3088500,A,47532,null,3.7,null,null,null,null,null,null,null,null,null,null,null,null,null,0,0,0,0,0,0,0,0,0,0,0,0,0,0,0,0,0,0,512
COCOON,2003-03-24T00:00:00+0100,327,17,null,null,null,null,null,1277,null,32815,null,24.2,null,24178,18.9,22.0,3.0,null,null,null,null,null,null,0,null,null,null,null,null,446,null,233,394,179,12133,5.2,null,0,1100,0=393;5=171;10=193;20=76;30=159;60=71;90=37,8019,1=4028;2=1624;4=665;6=393;8=226;10=139;12=366,null,null,122,10463,null,null,null,null,null,null,null,null,null,null,null,null,null,232361,102945,java=102945,null,null,null,5386,4492,null,null,null,null,null,null,null,10463,null,null,null,null,null,null,null,null,null,null,null,null,null,null,null,null,null,null,7848,63.0,2907,{"level":"ERROR";"conditions":[{"metric":"blocker_violations";"op":"GT";"error":"0";"actual":"17";"level":"ERROR"};{"metric":"critical_violations";"op":"GT";"period":1;"error":"0";"actual":"-6";"level":"OK"};{"metric":"open_issues";"op":"GT";"warning":"0";"actual":"10463";"level":"WARN"};{"metric":"reopened_issues";"op":"GT";"warning":"0";"actual":"0";"level":"OK"}]},ERROR,0,null,3088350,A,47533,null,3.7,null,null,null,null,null,null,null,null,null,null,null,null,null,0,0,0,0,0,0,0,0,0,0,0,0,0,0,0,0,0,0,512
COCOON,2003-03-25T00:00:00+0100,327,17,null,null,null,null,null,1277,null,32908,null,24.3,null,24146,18.9,22.0,3.0,null,null,null,null,null,null,0,null,null,null,null,null,446,null,233,392,181,12113,5.2,null,0,1100,0=393;5=171;10=193;20=76;30=159;60=71;90=37,8008,1=4024;2=1620;4=664;6=391;8=226;10=140;12=365,null,null,122,10404,null,null,null,null,null,null,null,null,null,null,null,null,null,232234,102765,java=102765,null,null,null,5344,4475,null,null,null,null,null,null,null,10404,null,null,null,null,null,null,null,null,null,null,null,null,null,null,null,null,null,null,7848,63.0,2907,{"level":"ERROR";"conditions":[{"metric":"blocker_violations";"op":"GT";"error":"0";"actual":"17";"level":"ERROR"};{"metric":"critical_violations";"op":"GT";"period":1;"error":"0";"actual":"-6";"level":"OK"};{"metric":"open_issues";"op":"GT";"warning":"0";"actual":"10404";"level":"WARN"};{"metric":"reopened_issues";"op":"GT";"warning":"0";"actual":"0";"level":"OK"}]},ERROR,0,null,3082950,A,47445,null,3.7,null,null,null,null,null,null,null,null,null,null,null,null,null,0,0,0,0,0,0,0,0,0,0,0,0,0,0,0,0,0,0,512
COCOON,2003-03-26T00:00:00+0100,327,17,null,null,null,null,null,1278,null,33005,null,24.2,null,24248,19.0,22.0,3.0,null,null,null,null,null,null,0,null,null,null,null,null,446,null,233,392,181,12113,5.2,null,0,1101,0=393;5=171;10=193;20=76;30=159;60=71;90=38,8031,1=4031;2=1628;4=665;6=393;8=228;10=141;12=367,null,null,122,10440,null,null,null,null,null,null,null,null,null,null,null,null,null,232845,103133,java=103133,null,null,null,5373,4482,null,null,null,null,null,null,null,10440,null,null,null,null,null,null,null,null,null,null,null,null,null,null,null,null,null,null,7855,63.0,2908,{"level":"ERROR";"conditions":[{"metric":"blocker_violations";"op":"GT";"error":"0";"actual":"17";"level":"ERROR"};{"metric":"critical_violations";"op":"GT";"period":1;"error":"0";"actual":"-6";"level":"OK"};{"metric":"open_issues";"op":"GT";"warning":"0";"actual":"10440";"level":"WARN"};{"metric":"reopened_issues";"op":"GT";"warning":"0";"actual":"0";"level":"OK"}]},ERROR,0,null,3093990,A,47638,null,3.7,null,null,null,null,null,null,null,null,null,null,null,null,null,1,0,0,0,0,0,0,0,0,0,1,0,0,0,0,0,0,0,512
COCOON,2003-03-27T00:00:00+0100,327,17,null,null,null,null,null,1278,null,33005,null,24.2,null,24249,19.0,22.0,3.0,null,null,null,null,null,null,0,null,null,null,null,null,446,null,233,392,181,12095,5.2,null,0,1101,0=393;5=171;10=193;20=76;30=159;60=71;90=38,8031,1=4031;2=1627;4=666;6=393;8=228;10=141;12=367,null,null,122,10440,null,null,null,null,null,null,null,null,null,null,null,null,null,232847,103136,java=103136,null,null,null,5373,4482,null,null,null,null,null,null,null,10440,null,null,null,null,null,null,null,null,null,null,null,null,null,null,null,null,null,null,7855,63.0,2908,{"level":"ERROR";"conditions":[{"metric":"blocker_violations";"op":"GT";"error":"0";"actual":"17";"level":"ERROR"};{"metric":"critical_violations";"op":"GT";"period":1;"error":"0";"actual":"-6";"level":"OK"};{"metric":"open_issues";"op":"GT";"warning":"0";"actual":"10440";"level":"WARN"};{"metric":"reopened_issues";"op":"GT";"warning":"0";"actual":"0";"level":"OK"}]},ERROR,0,null,3094080,A,47640,null,3.7,null,null,null,null,null,null,null,null,null,null,null,null,null,0,0,0,0,0,0,0,0,0,0,0,0,0,0,0,0,0,0,513
COCOON,2003-03-28T00:00:00+0100,327,17,null,null,null,null,null,1286,null,33117,null,24.2,null,24498,19.0,22.2,3.0,null,null,null,null,null,null,0,null,null,null,null,null,460,null,233,421,183,12690,5.4,null,0,1102,0=394;5=171;10=193;20=76;30=159;60=70;90=39,8085,1=4054;2=1635;4=673;6=396;8=231;10=148;12=370,null,null,122,10531,null,null,null,null,null,null,null,null,null,null,null,null,null,234051,104007,java=104007,null,null,null,5438,4494,null,null,null,null,null,null,null,10531,null,null,null,null,null,null,null,null,null,null,null,null,null,null,null,null,null,null,7899,62.7,2944,{"level":"ERROR";"conditions":[{"metric":"blocker_violations";"op":"GT";"error":"0";"actual":"17";"level":"ERROR"};{"metric":"critical_violations";"op":"GT";"period":1;"error":"0";"actual":"8";"level":"ERROR"};{"metric":"open_issues";"op":"GT";"warning":"0";"actual":"10531";"level":"WARN"};{"metric":"reopened_issues";"op":"GT";"warning":"0";"actual":"0";"level":"OK"}]},ERROR,0,null,3120210,A,48078,null,3.7,null,null,null,null,null,null,null,null,null,null,null,null,null,2,0,0,0,0,0,0,0,0,0,1,0,0,0,0,0,0,0,513
COCOON,2003-03-29T00:00:00+0100,327,17,null,null,null,null,null,1286,null,33117,null,24.1,null,24501,19.1,22.2,3.0,null,null,null,null,null,null,0,null,null,null,null,null,460,null,233,421,183,12690,5.4,null,0,1102,0=394;5=171;10=193;20=76;30=159;60=70;90=39,8085,1=4052;2=1637;4=673;6=396;8=231;10=148;12=370,null,null,122,10531,null,null,null,null,null,null,null,null,null,null,null,null,null,234062,104017,java=104017,null,null,null,5438,4494,null,null,null,null,null,null,null,10531,null,null,null,null,null,null,null,null,null,null,null,null,null,null,null,null,null,null,7899,62.7,2944,{"level":"ERROR";"conditions":[{"metric":"blocker_violations";"op":"GT";"error":"0";"actual":"17";"level":"ERROR"};{"metric":"critical_violations";"op":"GT";"period":1;"error":"0";"actual":"8";"level":"ERROR"};{"metric":"open_issues";"op":"GT";"warning":"0";"actual":"10531";"level":"WARN"};{"metric":"reopened_issues";"op":"GT";"warning":"0";"actual":"0";"level":"OK"}]},ERROR,0,null,3120510,A,48084,null,3.7,null,null,null,null,null,null,null,null,null,null,null,null,null,0,0,0,0,0,0,0,0,0,0,0,0,0,0,0,0,0,0,515
COCOON,2003-03-30T00:00:00+0100,327,17,null,null,null,null,null,1286,null,33117,null,24.1,null,24501,19.1,22.2,3.0,null,null,null,null,null,null,0,null,null,null,null,null,460,null,233,421,183,12690,5.4,null,0,1102,0=394;5=171;10=193;20=76;30=159;60=70;90=39,8085,1=4052;2=1637;4=673;6=396;8=231;10=148;12=370,null,null,122,10531,null,null,null,null,null,null,null,null,null,null,null,null,null,234062,104017,java=104017,null,null,null,5438,4494,null,null,null,null,null,null,null,10531,null,null,null,null,null,null,null,null,null,null,null,null,null,null,null,null,null,null,7899,62.7,2944,{"level":"ERROR";"conditions":[{"metric":"blocker_violations";"op":"GT";"error":"0";"actual":"17";"level":"ERROR"};{"metric":"critical_violations";"op":"GT";"period":1;"error":"0";"actual":"8";"level":"ERROR"};{"metric":"open_issues";"op":"GT";"warning":"0";"actual":"10531";"level":"WARN"};{"metric":"reopened_issues";"op":"GT";"warning":"0";"actual":"0";"level":"OK"}]},ERROR,0,null,3120510,A,48084,null,3.7,null,null,null,null,null,null,null,null,null,null,null,null,null,0,0,0,0,0,0,0,0,0,0,0,0,0,0,0,0,0,0,516
COCOON,2003-03-31T00:00:00+0200,327,17,null,null,null,null,null,1286,null,33117,null,24.1,null,24501,19.1,22.2,3.0,null,null,null,null,null,null,0,null,null,null,null,null,460,null,233,421,183,12690,5.4,null,0,1102,0=394;5=171;10=193;20=76;30=159;60=70;90=39,8085,1=4052;2=1637;4=673;6=396;8=231;10=148;12=370,null,null,122,10531,null,null,null,null,null,null,null,null,null,null,null,null,null,234062,104017,java=104017,null,null,null,5438,4494,null,null,null,null,null,null,null,10531,null,null,null,null,null,null,null,null,null,null,null,null,null,null,null,null,null,null,7899,62.7,2944,{"level":"ERROR";"conditions":[{"metric":"blocker_violations";"op":"GT";"error":"0";"actual":"17";"level":"ERROR"};{"metric":"critical_violations";"op":"GT";"period":1;"error":"0";"actual":"8";"level":"ERROR"};{"metric":"open_issues";"op":"GT";"warning":"0";"actual":"10531";"level":"WARN"};{"metric":"reopened_issues";"op":"GT";"warning":"0";"actual":"0";"level":"OK"}]},ERROR,0,null,3120510,A,48084,null,3.7,null,null,null,null,null,null,null,null,null,null,null,null,null,0,0,0,0,0,0,0,0,0,0,0,0,0,0,0,0,0,0,516
COCOON,2003-04-01T00:00:00+0200,327,17,null,null,null,null,null,1286,null,33117,null,24.1,null,24504,19.1,22.2,3.0,null,null,null,null,null,null,0,null,null,null,null,null,460,null,233,421,183,12690,5.4,null,0,1102,0=394;5=171;10=193;20=76;30=159;60=70;90=39,8085,1=4052;2=1637;4=672;6=397;8=231;10=148;12=370,null,null,122,10536,null,null,null,null,null,null,null,null,null,null,null,null,null,234067,104022,java=104022,null,null,null,5438,4499,null,null,null,null,null,null,null,10536,null,null,null,null,null,null,null,null,null,null,null,null,null,null,null,null,null,null,7899,62.7,2944,{"level":"ERROR";"conditions":[{"metric":"blocker_violations";"op":"GT";"error":"0";"actual":"17";"level":"ERROR"};{"metric":"critical_violations";"op":"GT";"period":1;"error":"0";"actual":"8";"level":"ERROR"};{"metric":"open_issues";"op":"GT";"warning":"0";"actual":"10536";"level":"WARN"};{"metric":"reopened_issues";"op":"GT";"warning":"0";"actual":"0";"level":"OK"}]},ERROR,0,null,3120660,A,48085,null,3.7,null,null,null,null,null,null,null,null,null,null,null,null,null,0,0,0,0,0,0,0,0,0,0,0,0,0,0,0,0,0,0,516
COCOON,2003-04-02T00:00:00+0200,328,17,null,null,null,null,null,1287,null,33174,null,24.2,null,24553,19.1,22.3,3.0,null,null,null,null,null,null,0,null,null,null,null,null,461,null,233,423,183,12759,5.4,null,0,1103,0=393;5=171;10=193;20=78;30=159;60=70;90=39,8092,1=4056;2=1637;4=671;6=399;8=231;10=149;12=371,null,null,122,10549,null,null,null,null,null,null,null,null,null,null,null,null,null,234374,104161,java=104161,null,null,null,5441,4508,null,null,null,null,null,null,null,10549,null,null,null,null,null,null,null,null,null,null,null,null,null,null,null,null,null,null,7906,62.7,2947,{"level":"ERROR";"conditions":[{"metric":"blocker_violations";"op":"GT";"error":"0";"actual":"17";"level":"ERROR"};{"metric":"critical_violations";"op":"GT";"period":1;"error":"0";"actual":"9";"level":"ERROR"};{"metric":"open_issues";"op":"GT";"warning":"0";"actual":"10549";"level":"WARN"};{"metric":"reopened_issues";"op":"GT";"warning":"0";"actual":"0";"level":"OK"}]},ERROR,0,null,3124830,A,48150,null,3.7,null,null,null,null,null,null,null,null,null,null,null,null,null,1,0,0,0,0,0,0,0,0,0,0,0,0,0,0,0,0,0,519
COCOON,2003-04-03T00:00:00+0200,328,17,null,null,null,null,null,1287,null,33176,null,24.2,null,24552,19.1,22.3,3.0,null,null,null,null,null,null,0,null,null,null,null,null,461,null,233,423,183,12759,5.4,null,0,1103,0=393;5=171;10=193;20=78;30=159;60=70;90=39,8091,1=4055;2=1637;4=671;6=399;8=231;10=149;12=371,null,null,122,10530,null,null,null,null,null,null,null,null,null,null,null,null,null,234366,104157,java=104157,null,null,null,5434,4496,null,null,null,null,null,null,null,10530,null,null,null,null,null,null,null,null,null,null,null,null,null,null,null,null,null,null,7906,62.7,2947,{"level":"ERROR";"conditions":[{"metric":"blocker_violations";"op":"GT";"error":"0";"actual":"17";"level":"ERROR"};{"metric":"critical_violations";"op":"GT";"period":1;"error":"0";"actual":"9";"level":"ERROR"};{"metric":"open_issues";"op":"GT";"warning":"0";"actual":"10530";"level":"WARN"};{"metric":"reopened_issues";"op":"GT";"warning":"0";"actual":"0";"level":"OK"}]},ERROR,0,null,3124710,A,48146,null,3.7,null,null,null,null,null,null,null,null,null,null,null,null,null,0,0,0,0,0,0,0,0,0,0,0,0,0,0,0,0,0,0,519
COCOON,2003-04-04T00:00:00+0200,327,15,null,null,null,null,null,1285,null,33134,null,24.1,null,24543,19.1,22.3,3.0,null,null,null,null,null,null,0,null,null,null,null,null,459,null,232,421,181,12725,5.4,null,0,1101,0=393;5=170;10=192;20=78;30=159;60=70;90=39,8084,1=4052;2=1638;4=668;6=400;8=230;10=149;12=371,null,null,122,10520,null,null,null,null,null,null,null,null,null,null,null,null,null,234142,104123,java=104123,null,null,null,5431,4493,null,null,null,null,null,null,null,10520,null,null,null,null,null,null,null,null,null,null,null,null,null,null,null,null,null,null,7897,62.7,2946,{"level":"ERROR";"conditions":[{"metric":"blocker_violations";"op":"GT";"error":"0";"actual":"15";"level":"ERROR"};{"metric":"critical_violations";"op":"GT";"period":1;"error":"0";"actual":"7";"level":"ERROR"};{"metric":"open_issues";"op":"GT";"warning":"0";"actual":"10520";"level":"WARN"};{"metric":"reopened_issues";"op":"GT";"warning":"0";"actual":"0";"level":"OK"}]},ERROR,0,null,3123690,A,48140,null,3.7,null,null,null,null,null,null,null,null,null,null,null,null,null,1,0,0,0,0,0,0,0,0,0,5,0,0,0,0,0,0,0,520
COCOON,2003-04-05T00:00:00+0200,327,14,null,null,null,null,null,1282,null,33088,null,24.1,null,24504,19.1,22.3,3.0,null,null,null,null,null,null,0,null,null,null,null,null,458,null,232,419,179,12667,5.4,null,0,1099,0=393;5=169;10=192;20=78;30=158;60=70;90=39,8070,1=4046;2=1634;4=666;6=398;8=230;10=149;12=371,null,null,122,10510,null,null,null,null,null,null,null,null,null,null,null,null,null,233791,103988,java=103988,null,null,null,5424,4492,null,null,null,null,null,null,null,10510,null,null,null,null,null,null,null,null,null,null,null,null,null,null,null,null,null,null,7882,62.7,2941,{"level":"ERROR";"conditions":[{"metric":"blocker_violations";"op":"GT";"error":"0";"actual":"14";"level":"ERROR"};{"metric":"critical_violations";"op":"GT";"period":1;"error":"0";"actual":"6";"level":"ERROR"};{"metric":"open_issues";"op":"GT";"warning":"0";"actual":"10510";"level":"WARN"};{"metric":"reopened_issues";"op":"GT";"warning":"0";"actual":"0";"level":"OK"}]},ERROR,0,null,3119640,A,48088,null,3.7,null,null,null,null,null,null,null,null,null,null,null,null,null,0,0,0,0,0,0,0,0,0,0,0,0,0,0,0,0,0,0,525
COCOON,2003-04-06T00:00:00+0200,327,14,null,null,null,null,null,1282,null,33088,null,24.1,null,24511,19.1,22.3,3.0,null,null,null,null,null,null,0,null,null,null,null,null,459,null,232,421,179,12635,5.4,null,0,1099,0=393;5=169;10=192;20=78;30=158;60=70;90=39,8070,1=4046;2=1634;4=666;6=398;8=230;10=149;12=371,null,null,122,10512,null,null,null,null,null,null,null,null,null,null,null,null,null,233826,104023,java=104023,null,null,null,5424,4493,null,null,null,null,null,null,null,10512,null,null,null,null,null,null,null,null,null,null,null,null,null,null,null,null,null,null,7882,62.7,2941,{"level":"ERROR";"conditions":[{"metric":"blocker_violations";"op":"GT";"error":"0";"actual":"14";"level":"ERROR"};{"metric":"critical_violations";"op":"GT";"period":1;"error":"0";"actual":"7";"level":"ERROR"};{"metric":"open_issues";"op":"GT";"warning":"0";"actual":"10512";"level":"WARN"};{"metric":"reopened_issues";"op":"GT";"warning":"0";"actual":"0";"level":"OK"}]},ERROR,0,null,3120690,A,48109,null,3.7,null,null,null,null,null,null,null,null,null,null,null,null,null,0,0,0,0,0,0,0,0,0,0,0,0,0,0,0,0,0,0,525
COCOON,2003-04-07T00:00:00+0200,327,14,null,null,null,null,null,1282,null,33089,null,24.1,null,24534,19.1,22.3,3.0,null,null,null,null,null,null,0,null,null,null,null,null,457,null,232,423,179,12597,5.4,null,0,1099,0=393;5=169;10=192;20=78;30=158;60=70;90=39,8075,1=4050;2=1634;4=666;6=398;8=230;10=147;12=374,null,null,122,10507,null,null,null,null,null,null,null,null,null,null,null,null,null,233920,104110,java=104110,null,null,null,5422,4492,null,null,null,null,null,null,null,10507,null,null,null,null,null,null,null,null,null,null,null,null,null,null,null,null,null,null,7883,62.7,2942,{"level":"ERROR";"conditions":[{"metric":"blocker_violations";"op":"GT";"error":"0";"actual":"14";"level":"ERROR"};{"metric":"critical_violations";"op":"GT";"period":1;"error":"0";"actual":"5";"level":"ERROR"};{"metric":"open_issues";"op":"GT";"warning":"0";"actual":"10507";"level":"WARN"};{"metric":"reopened_issues";"op":"GT";"warning":"0";"actual":"0";"level":"OK"}]},ERROR,0,null,3123300,A,48155,null,3.7,null,null,null,null,null,null,null,null,null,null,null,null,null,0,0,0,0,0,0,0,0,0,0,0,0,0,0,0,0,0,0,525
COCOON,2003-04-08T00:00:00+0200,327,14,null,null,null,null,null,1282,null,33090,null,24.1,null,24534,19.1,22.3,3.0,null,null,null,null,null,null,0,null,null,null,null,null,457,null,232,423,179,12597,5.4,null,0,1099,0=393;5=169;10=192;20=78;30=158;60=70;90=39,8075,1=4050;2=1634;4=666;6=398;8=230;10=147;12=374,null,null,122,10507,null,null,null,null,null,null,null,null,null,null,null,null,null,233921,104110,java=104110,null,null,null,5422,4492,null,null,null,null,null,null,null,10507,null,null,null,null,null,null,null,null,null,null,null,null,null,null,null,null,null,null,7883,62.7,2942,{"level":"ERROR";"conditions":[{"metric":"blocker_violations";"op":"GT";"error":"0";"actual":"14";"level":"ERROR"};{"metric":"critical_violations";"op":"GT";"period":1;"error":"0";"actual":"5";"level":"ERROR"};{"metric":"open_issues";"op":"GT";"warning":"0";"actual":"10507";"level":"WARN"};{"metric":"reopened_issues";"op":"GT";"warning":"0";"actual":"0";"level":"OK"}]},ERROR,0,null,3123300,A,48155,null,3.7,null,null,null,null,null,null,null,null,null,null,null,null,null,0,0,0,0,0,0,0,0,0,0,0,0,0,0,0,0,0,0,525
COCOON,2003-04-09T00:00:00+0200,327,14,null,null,null,null,null,1282,null,33093,null,24.1,null,24534,19.1,22.3,3.0,null,null,null,null,null,null,0,null,null,null,null,null,457,null,232,423,179,12597,5.4,null,0,1099,0=393;5=169;10=192;20=78;30=158;60=70;90=39,8075,1=4050;2=1634;4=666;6=398;8=230;10=147;12=374,null,null,122,10507,null,null,null,null,null,null,null,null,null,null,null,null,null,233928,104113,java=104113,null,null,null,5422,4492,null,null,null,null,null,null,null,10507,null,null,null,null,null,null,null,null,null,null,null,null,null,null,null,null,null,null,7883,62.7,2942,{"level":"ERROR";"conditions":[{"metric":"blocker_violations";"op":"GT";"error":"0";"actual":"14";"level":"ERROR"};{"metric":"critical_violations";"op":"GT";"period":1;"error":"0";"actual":"5";"level":"ERROR"};{"metric":"open_issues";"op":"GT";"warning":"0";"actual":"10507";"level":"WARN"};{"metric":"reopened_issues";"op":"GT";"warning":"0";"actual":"0";"level":"OK"}]},ERROR,0,null,3123390,A,48158,null,3.7,null,null,null,null,null,null,null,null,null,null,null,null,null,0,0,0,0,0,0,0,0,0,0,0,0,0,0,0,0,0,0,525
COCOON,2003-04-10T00:00:00+0200,327,14,null,null,null,null,null,1286,null,33127,null,24.1,null,24535,19.1,22.2,3.0,null,null,null,null,null,null,0,null,null,null,null,null,455,null,235,421,179,12564,5.4,null,0,1103,0=397;5=170;10=191;20=79;30=157;60=70;90=39,8081,1=4055;2=1635;4=667;6=398;8=230;10=146;12=374,null,null,122,10511,null,null,null,null,null,null,null,null,null,null,null,null,null,234329,104210,java=104210,null,null,null,5423,4497,null,null,null,null,null,null,null,10511,null,null,null,null,null,null,null,null,null,null,null,null,null,null,null,null,null,null,7893,62.7,2946,{"level":"ERROR";"conditions":[{"metric":"blocker_violations";"op":"GT";"error":"0";"actual":"14";"level":"ERROR"};{"metric":"critical_violations";"op":"GT";"period":1;"error":"0";"actual":"3";"level":"ERROR"};{"metric":"open_issues";"op":"GT";"warning":"0";"actual":"10511";"level":"WARN"};{"metric":"reopened_issues";"op":"GT";"warning":"0";"actual":"0";"level":"OK"}]},ERROR,0,null,3126300,A,48206,null,3.7,null,null,null,null,null,null,null,null,null,null,null,null,null,0,0,0,0,0,0,0,0,0,4,1,0,0,0,0,0,0,0,525
COCOON,2003-04-11T00:00:00+0200,327,14,null,null,null,null,null,1286,null,33133,null,24.1,null,24538,19.1,22.2,3.0,null,null,null,null,null,null,0,null,null,null,null,null,455,null,235,421,179,12564,5.4,null,0,1103,0=397;5=170;10=191;20=79;30=157;60=70;90=39,8081,1=4055;2=1634;4=668;6=397;8=231;10=146;12=374,null,null,122,10510,null,null,null,null,null,null,null,null,null,null,null,null,null,234346,104220,java=104220,null,null,null,5422,4497,null,null,null,null,null,null,null,10510,null,null,null,null,null,null,null,null,null,null,null,null,null,null,null,null,null,null,7893,62.7,2946,{"level":"ERROR";"conditions":[{"metric":"blocker_violations";"op":"GT";"error":"0";"actual":"14";"level":"ERROR"};{"metric":"critical_violations";"op":"GT";"period":1;"error":"0";"actual":"3";"level":"ERROR"};{"metric":"open_issues";"op":"GT";"warning":"0";"actual":"10510";"level":"WARN"};{"metric":"reopened_issues";"op":"GT";"warning":"0";"actual":"0";"level":"OK"}]},ERROR,0,null,3126600,A,48213,null,3.7,null,null,null,null,null,null,null,null,null,null,null,null,null,0,0,0,0,0,0,0,0,0,0,0,0,0,0,0,0,0,0,526
COCOON,2003-04-12T00:00:00+0200,328,14,null,null,null,null,null,1287,null,33147,null,24.1,null,24551,19.1,22.2,3.0,null,null,null,null,null,null,0,null,null,null,null,null,455,null,235,421,179,12564,5.4,null,0,1104,0=396;5=171;10=192;20=79;30=157;60=70;90=39,8084,1=4058;2=1633;4=666;6=399;8=232;10=146;12=374,null,null,122,10515,null,null,null,null,null,null,null,null,null,null,null,null,null,234498,104286,java=104286,null,null,null,5425,4499,null,null,null,null,null,null,null,10515,null,null,null,null,null,null,null,null,null,null,null,null,null,null,null,null,null,null,7898,62.7,2949,{"level":"ERROR";"conditions":[{"metric":"blocker_violations";"op":"GT";"error":"0";"actual":"14";"level":"ERROR"};{"metric":"critical_violations";"op":"GT";"period":1;"error":"0";"actual":"3";"level":"ERROR"};{"metric":"open_issues";"op":"GT";"warning":"0";"actual":"10515";"level":"WARN"};{"metric":"reopened_issues";"op":"GT";"warning":"0";"actual":"0";"level":"OK"}]},ERROR,0,null,3128580,A,48239,null,3.7,null,null,null,null,null,null,null,null,null,null,null,null,null,0,0,0,0,0,0,0,0,0,0,2,0,0,0,0,0,0,0,526
COCOON,2003-04-13T00:00:00+0200,329,14,null,null,null,null,null,1290,null,33201,null,24.1,null,24601,19.1,22.3,3.0,null,null,null,null,null,null,0,null,null,null,null,null,457,null,235,421,179,12647,5.4,null,0,1104,0=396;5=171;10=192;20=79;30=157;60=70;90=39,8095,1=4066;2=1633;4=668;6=397;8=231;10=147;12=377,null,null,122,10538,null,null,null,null,null,null,null,null,null,null,null,null,null,234838,104502,java=104502,null,null,null,5441,4504,null,null,null,null,null,null,null,10538,null,null,null,null,null,null,null,null,null,null,null,null,null,null,null,null,null,null,7908,62.6,2956,{"level":"ERROR";"conditions":[{"metric":"blocker_violations";"op":"GT";"error":"0";"actual":"14";"level":"ERROR"};{"metric":"critical_violations";"op":"GT";"period":1;"error":"0";"actual":"5";"level":"ERROR"};{"metric":"open_issues";"op":"GT";"warning":"0";"actual":"10538";"level":"WARN"};{"metric":"reopened_issues";"op":"GT";"warning":"0";"actual":"0";"level":"OK"}]},ERROR,0,null,3135060,A,48323,null,3.7,null,null,null,null,null,null,null,null,null,null,null,null,null,0,0,0,0,0,0,0,0,0,0,0,0,0,0,0,0,0,0,526
COCOON,2003-04-14T00:00:00+0200,331,14,null,null,null,null,null,1330,null,33206,null,23.9,null,24831,18.7,22.5,3.0,null,null,null,null,null,null,0,null,null,null,null,null,465,null,235,422,180,12760,5.4,null,0,1105,0=396;5=171;10=192;20=79;30=157;60=70;90=40,8169,1=4123;2=1641;4=670;6=398;8=231;10=148;12=382,null,null,122,10653,null,null,null,null,null,null,null,null,null,null,null,null,null,236071,105582,java=105582,null,null,null,5490,4562,null,null,null,null,null,null,null,10653,null,null,null,null,null,null,null,null,null,null,null,null,null,null,null,null,null,null,7938,62.4,2986,{"level":"ERROR";"conditions":[{"metric":"blocker_violations";"op":"GT";"error":"0";"actual":"14";"level":"ERROR"};{"metric":"critical_violations";"op":"GT";"period":1;"error":"0";"actual":"13";"level":"ERROR"};{"metric":"open_issues";"op":"GT";"warning":"0";"actual":"10653";"level":"WARN"};{"metric":"reopened_issues";"op":"GT";"warning":"0";"actual":"0";"level":"OK"}]},ERROR,0,null,3167460,A,48831,null,3.7,null,null,null,null,null,null,null,null,null,null,null,null,null,1,0,0,0,0,0,0,0,0,0,0,0,0,0,0,0,0,0,526
COCOON,2003-04-15T00:00:00+0200,331,14,null,null,null,null,null,1335,null,33269,null,23.9,null,24898,18.7,22.5,3.0,null,null,null,null,null,null,0,null,null,null,null,null,469,null,235,428,180,12874,5.4,null,0,1105,0=396;5=171;10=192;20=79;30=157;60=70;90=40,8174,1=4125;2=1641;4=670;6=399;8=231;10=147;12=384,null,null,122,10685,null,null,null,null,null,null,null,null,null,null,null,null,null,236473,105905,java=105905,null,null,null,5511,4569,null,null,null,null,null,null,null,10685,null,null,null,null,null,null,null,null,null,null,null,null,null,null,null,null,null,null,7938,62.4,2985,{"level":"ERROR";"conditions":[{"metric":"blocker_violations";"op":"GT";"error":"0";"actual":"14";"level":"ERROR"};{"metric":"critical_violations";"op":"GT";"period":1;"error":"0";"actual":"17";"level":"ERROR"};{"metric":"open_issues";"op":"GT";"warning":"0";"actual":"10685";"level":"WARN"};{"metric":"reopened_issues";"op":"GT";"warning":"0";"actual":"0";"level":"OK"}]},ERROR,0,null,3177150,A,49006,null,3.7,null,null,null,null,null,null,null,null,null,null,null,null,null,0,0,0,0,0,0,0,0,0,0,0,0,0,0,0,0,0,0,526
COCOON,2003-04-16T00:00:00+0200,332,14,null,null,null,null,null,1391,null,33351,null,23.6,null,25359,18.2,22.9,3.1,null,null,null,null,null,null,0,null,null,null,null,null,489,null,235,519,181,15371,6.4,null,0,1106,0=396;5=171;10=192;20=79;30=157;60=70;90=41,8282,1=4207;2=1645;4=677;6=403;8=232;10=148;12=392,null,null,122,10926,null,null,null,null,null,null,null,null,null,null,null,null,null,238819,107964,java=107964,null,null,null,5630,4671,null,null,null,null,null,null,null,10926,null,null,null,null,null,null,null,null,null,null,null,null,null,null,null,null,null,null,7998,62.0,3043,{"level":"ERROR";"conditions":[{"metric":"blocker_violations";"op":"GT";"error":"0";"actual":"14";"level":"ERROR"};{"metric":"critical_violations";"op":"GT";"period":1;"error":"0";"actual":"37";"level":"ERROR"};{"metric":"open_issues";"op":"GT";"warning":"0";"actual":"10926";"level":"WARN"};{"metric":"reopened_issues";"op":"GT";"warning":"0";"actual":"0";"level":"OK"}]},ERROR,0,null,3238920,A,50040,null,3.7,null,null,null,null,null,null,null,null,null,null,null,null,null,1,0,0,0,0,0,0,0,0,0,0,0,0,0,0,0,0,0,526
COCOON,2016-06-03T10:52:04+0200,332,14,null,null,null,null,null,1391,null,33351,null,23.6,null,25359,18.2,22.9,3.1,null,null,null,null,null,null,0,null,null,null,null,null,489,null,235,519,181,15371,6.4,null,0,1106,0=396;5=171;10=192;20=79;30=157;60=70;90=41,8282,1=4207;2=1645;4=677;6=403;8=232;10=148;12=392,null,null,122,10926,null,null,null,null,null,null,null,null,null,null,null,null,null,238819,107964,java=107964,null,null,null,5630,4671,null,null,null,null,null,null,null,10926,null,null,null,null,null,null,null,null,null,null,null,null,null,null,null,null,null,null,7998,62.0,3043,{"level":"ERROR";"conditions":[{"metric":"blocker_violations";"op":"GT";"error":"0";"actual":"14";"level":"ERROR"};{"metric":"critical_violations";"op":"GT";"period":1;"error":"0";"actual":"37";"level":"ERROR"};{"metric":"open_issues";"op":"GT";"warning":"0";"actual":"10926";"level":"WARN"};{"metric":"reopened_issues";"op":"GT";"warning":"0";"actual":"0";"level":"OK"}]},ERROR,0,null,3238920,A,50040,null,3.7,null,null,null,null,null,null,null,null,null,null,null,null,null,0,0,0,0,0,0,0,0,0,0,0,0,0,0,0,0,0,0,1713
COCOON,2016-06-04T00:37:23+0200,526,27,null,null,null,null,null,1691,null,36616,null,23.0,null,28425,16.8,20.3,2.9,null,null,null,null,null,null,0,null,null,null,null,null,610,null,297,642,234,19108,6.9,null,0,1399,0=539;5=224;10=248;20=100;30=171;60=72;90=45,9711,1=4987;2=1882;4=796;6=448;8=266;10=165;12=409,null,null,165,12418,null,null,null,null,null,null,null,null,null,null,null,null,null,277537,122794,java=122794,null,null,null,6407,5209,null,null,null,null,null,null,null,12418,null,null,null,null,null,null,null,null,null,null,null,null,null,null,null,null,null,null,9532,58.6,3947,{"level":"ERROR";"conditions":[{"metric":"blocker_violations";"op":"GT";"error":"0";"actual":"27";"level":"ERROR"};{"metric":"critical_violations";"op":"GT";"period":1;"error":"0";"actual":"158";"level":"ERROR"};{"metric":"open_issues";"op":"GT";"warning":"0";"actual":"12418";"level":"WARN"};{"metric":"reopened_issues";"op":"GT";"warning":"0";"actual":"0";"level":"OK"}]},ERROR,0,null,3683820,A,56137,null,3.8,null,null,null,null,null,null,null,null,null,null,null,null,null,31,0,11,0,0,6,0,0,0,8,60,4,0,0,0,0,0,0,1713
COCOON,2016-06-08T10:18:09+0200,576,35,null,null,null,null,null,1949,null,40544,null,19.7,null,33026,16.9,20.4,3.0,33026,32961,null,null,null,null,0,null,null,null,null,null,995,null,319,1034,256,24098,7.1,null,0,1620,0=648;5=254;10=284;20=111;30=193;60=75;90=55,11133,1=5691;2=2171;4=920;6=541;8=301;10=185;12=467,null,null,207,14610,null,null,null,null,null,null,null,null,null,null,null,null,null,340349,165581,java=165581,null,null,null,7576,5797,null,null,null,null,null,null,null,14610,null,null,null,null,null,null,null,null,null,null,null,null,null,null,null,null,null,null,10851,58.2,4531,{"level":"ERROR";"conditions":[{"metric":"blocker_violations";"op":"GT";"error":"0";"actual":"35";"level":"ERROR"};{"metric":"critical_violations";"op":"GT";"period":1;"error":"0";"actual":"543";"level":"ERROR"};{"metric":"open_issues";"op":"GT";"warning":"0";"actual":"14610";"level":"WARN"};{"metric":"reopened_issues";"op":"GT";"warning":"0";"actual":"0";"level":"OK"}]},ERROR,0,null,4967430,A,64267,null,3.4,null,null,null,null,null,null,null,null,null,null,null,null,null,60,0,9,0,0,5,0,0,0,9,62,5,0,0,0,0,0,0,1713
